filename,frameNum,obj_idx,xmin,ymin,xmax,ymax,confidence,class,name,w,h,scale
Kimono_1920x1080_24.yuv,207,0,808.31787109375,632.4342651367188,1006.182373046875,1076.4569091796875,0.9452237486839294,0,person,197.864501953125,444.02264404296875,1.0
Kimono_1920x1080_24.yuv,207,0,808.6862182617188,630.8004150390625,1006.1028442382812,1076.3765869140625,0.945440948009491,0,person,197.4166259765625,445.576171875,0.9
Kimono_1920x1080_24.yuv,207,0,808.495849609375,632.12646484375,1006.0340576171875,1075.8665771484375,0.9449557662010193,0,person,197.5382080078125,443.7401123046875,0.7
Kimono_1920x1080_24.yuv,207,0,808.5353393554688,630.3552856445312,1006.5767211914062,1076.313720703125,0.9456040859222412,0,person,198.0413818359375,445.95843505859375,0.5
Kimono_1920x1080_24.yuv,207,0,808.0863647460938,628.8806762695312,1005.9693603515625,1076.466064453125,0.9439091682434082,0,person,197.88299560546875,447.58538818359375,0.3
Kimono_1920x1080_24.yuv,208,0,812.5347900390625,629.3040771484375,1007.3948974609375,1076.5238037109375,0.9325201511383057,0,person,194.860107421875,447.2197265625,1.0
Kimono_1920x1080_24.yuv,208,1,813.428466796875,809.682373046875,932.1040649414062,926.9985961914062,0.2787449061870575,24,backpack,118.67559814453125,117.31622314453125,1.0
Kimono_1920x1080_24.yuv,208,0,812.664794921875,628.3809814453125,1007.3350219726562,1076.52001953125,0.9277978539466858,0,person,194.67022705078125,448.1390380859375,0.9
Kimono_1920x1080_24.yuv,208,0,812.8717041015625,630.3115234375,1007.4368286132812,1076.265380859375,0.9377414584159851,0,person,194.56512451171875,445.953857421875,0.7
Kimono_1920x1080_24.yuv,208,0,812.7196655273438,631.3079833984375,1007.66748046875,1074.6661376953125,0.9137895107269287,0,person,194.94781494140625,443.358154296875,0.5
Kimono_1920x1080_24.yuv,208,1,813.2817993164062,809.5226440429688,931.4024047851562,927.3740844726562,0.29046931862831116,24,backpack,118.12060546875,117.8514404296875,0.5
Kimono_1920x1080_24.yuv,208,0,811.4811401367188,630.7285766601562,1008.9171752929688,1078.8526611328125,0.9152849912643433,0,person,197.43603515625,448.12408447265625,0.3
Kimono_1920x1080_24.yuv,208,1,813.1869506835938,807.7710571289062,933.3235473632812,928.5719604492188,0.37563613057136536,24,backpack,120.1365966796875,120.8009033203125,0.3
Kimono_1920x1080_24.yuv,209,0,817.6141357421875,631.2064208984375,1011.1181640625,1074.00048828125,0.9207673668861389,0,person,193.5040283203125,442.7940673828125,1.0
Kimono_1920x1080_24.yuv,209,0,817.8394775390625,631.9478149414062,1010.5777587890625,1073.466796875,0.9212415814399719,0,person,192.73828125,441.51898193359375,0.9
Kimono_1920x1080_24.yuv,209,0,818.0010375976562,631.9413452148438,1009.9142456054688,1072.8797607421875,0.9231516718864441,0,person,191.9132080078125,440.93841552734375,0.7
Kimono_1920x1080_24.yuv,209,0,817.4668579101562,633.3978271484375,1010.9115600585938,1073.461669921875,0.9156380295753479,0,person,193.4447021484375,440.0638427734375,0.5
Kimono_1920x1080_24.yuv,209,0,816.5197143554688,632.5521850585938,1012.3251953125,1075.1162109375,0.9227477312088013,0,person,195.80548095703125,442.56402587890625,0.3
Kimono_1920x1080_24.yuv,209,1,816.2265625,811.1244506835938,937.3312377929688,929.50927734375,0.3052160441875458,24,backpack,121.10467529296875,118.38482666015625,0.3
Kimono_1920x1080_24.yuv,210,0,820.39892578125,643.5401000976562,1016.0088500976562,1075.178955078125,0.9183343648910522,0,person,195.60992431640625,431.63885498046875,1.0
Kimono_1920x1080_24.yuv,210,1,820.2129516601562,811.006591796875,944.109619140625,934.3193359375,0.321272075176239,24,backpack,123.89666748046875,123.312744140625,1.0
Kimono_1920x1080_24.yuv,210,2,821.6553955078125,808.7011108398438,945.7428588867188,931.598388671875,0.2962540090084076,26,handbag,124.08746337890625,122.89727783203125,1.0
Kimono_1920x1080_24.yuv,210,0,820.6857299804688,640.2489624023438,1015.7139282226562,1073.950927734375,0.9253589510917664,0,person,195.0281982421875,433.70196533203125,0.9
Kimono_1920x1080_24.yuv,210,1,820.2281494140625,811.078369140625,944.0667724609375,934.60791015625,0.26055270433425903,24,backpack,123.838623046875,123.529541015625,0.9
Kimono_1920x1080_24.yuv,210,0,820.6550903320312,637.6250610351562,1015.9359741210938,1074.1761474609375,0.9298686385154724,0,person,195.2808837890625,436.55108642578125,0.7
Kimono_1920x1080_24.yuv,210,1,820.2821044921875,810.8736572265625,943.9758911132812,933.9688720703125,0.2591109275817871,24,backpack,123.69378662109375,123.09521484375,0.7
Kimono_1920x1080_24.yuv,210,0,820.8307495117188,636.7979736328125,1015.955810546875,1074.8402099609375,0.9285263419151306,0,person,195.12506103515625,438.042236328125,0.5
Kimono_1920x1080_24.yuv,210,1,820.4735107421875,811.5371704101562,944.4183349609375,935.2816772460938,0.25017455220222473,24,backpack,123.94482421875,123.7445068359375,0.5
Kimono_1920x1080_24.yuv,210,0,820.0156860351562,638.5635375976562,1016.887939453125,1075.3072509765625,0.9185734987258911,0,person,196.87225341796875,436.74371337890625,0.3
Kimono_1920x1080_24.yuv,210,1,820.6124267578125,800.8148803710938,947.4651489257812,934.3566284179688,0.2665954530239105,26,handbag,126.85272216796875,133.541748046875,0.3
Kimono_1920x1080_24.yuv,211,0,823.8882446289062,640.540771484375,1020.1961669921875,1073.8916015625,0.9257274270057678,0,person,196.30792236328125,433.350830078125,1.0
Kimono_1920x1080_24.yuv,211,1,824.9773559570312,812.199462890625,949.46142578125,929.5726318359375,0.32252681255340576,26,handbag,124.48406982421875,117.3731689453125,1.0
Kimono_1920x1080_24.yuv,211,0,824.3272705078125,637.9718627929688,1020.0283813476562,1073.7099609375,0.9317300319671631,0,person,195.70111083984375,435.73809814453125,0.9
Kimono_1920x1080_24.yuv,211,1,824.895263671875,812.0126953125,950.304931640625,930.263671875,0.30486056208610535,26,handbag,125.40966796875,118.2509765625,0.9
Kimono_1920x1080_24.yuv,211,0,824.5645751953125,637.6487426757812,1020.0331420898438,1073.73583984375,0.9353153705596924,0,person,195.46856689453125,436.08709716796875,0.7
Kimono_1920x1080_24.yuv,211,1,824.877197265625,811.9978637695312,949.4151000976562,929.8298950195312,0.33998042345046997,26,handbag,124.53790283203125,117.83203125,0.7
Kimono_1920x1080_24.yuv,211,0,824.6953125,637.5250244140625,1020.3989868164062,1073.503173828125,0.9347999691963196,0,person,195.70367431640625,435.9781494140625,0.5
Kimono_1920x1080_24.yuv,211,1,825.1509399414062,812.534423828125,949.0631713867188,929.739501953125,0.312639981508255,26,handbag,123.9122314453125,117.205078125,0.5
Kimono_1920x1080_24.yuv,211,0,823.5379028320312,636.0672607421875,1020.7952270507812,1075.609130859375,0.9211975336074829,0,person,197.25732421875,439.5418701171875,0.3
Kimono_1920x1080_24.yuv,211,1,825.567138671875,813.5328979492188,950.997314453125,929.2244262695312,0.31960445642471313,26,handbag,125.43017578125,115.6915283203125,0.3
Kimono_1920x1080_24.yuv,211,2,824.4215698242188,812.9921875,948.8653564453125,933.2437744140625,0.255810022354126,24,backpack,124.44378662109375,120.2515869140625,0.3
Kimono_1920x1080_24.yuv,212,0,827.5411987304688,638.8287963867188,1024.8016357421875,1075.3638916015625,0.9323553442955017,0,person,197.26043701171875,436.53509521484375,1.0
Kimono_1920x1080_24.yuv,212,1,828.02783203125,813.6119384765625,950.2688598632812,932.9490966796875,0.3231982886791229,24,backpack,122.24102783203125,119.337158203125,1.0
Kimono_1920x1080_24.yuv,212,0,827.9566040039062,638.850830078125,1024.8377685546875,1075.078125,0.9348445534706116,0,person,196.88116455078125,436.227294921875,0.9
Kimono_1920x1080_24.yuv,212,1,828.2598266601562,813.7877807617188,949.927001953125,932.880126953125,0.28689447045326233,24,backpack,121.66717529296875,119.09234619140625,0.9
Kimono_1920x1080_24.yuv,212,0,827.8858032226562,638.5173950195312,1024.774658203125,1075.1162109375,0.9324368238449097,0,person,196.88885498046875,436.59881591796875,0.7
Kimono_1920x1080_24.yuv,212,1,828.1514892578125,813.1008911132812,950.4210815429688,933.0399169921875,0.36755549907684326,24,backpack,122.26959228515625,119.93902587890625,0.7
Kimono_1920x1080_24.yuv,212,2,828.9630126953125,813.9232177734375,951.5816040039062,931.6322021484375,0.2950926423072815,26,handbag,122.61859130859375,117.708984375,0.7
Kimono_1920x1080_24.yuv,212,0,827.9461669921875,638.4539794921875,1024.7161865234375,1074.9918212890625,0.9338264465332031,0,person,196.77001953125,436.537841796875,0.5
Kimono_1920x1080_24.yuv,212,1,828.12841796875,813.6333618164062,949.8792724609375,932.8668823242188,0.3287774324417114,24,backpack,121.7508544921875,119.2335205078125,0.5
Kimono_1920x1080_24.yuv,212,2,829.103759765625,814.7540283203125,950.9710693359375,931.8150024414062,0.2839744985103607,26,handbag,121.8673095703125,117.06097412109375,0.5
Kimono_1920x1080_24.yuv,212,0,828.6500244140625,637.075927734375,1024.985595703125,1075.604736328125,0.9371431469917297,0,person,196.3355712890625,438.52880859375,0.3
Kimono_1920x1080_24.yuv,212,1,828.4376220703125,814.0087280273438,950.9089965820312,932.6976928710938,0.4607807397842407,24,backpack,122.47137451171875,118.68896484375,0.3
Kimono_1920x1080_24.yuv,212,2,829.1834106445312,812.7614135742188,952.4798583984375,931.3233032226562,0.2851954698562622,26,handbag,123.29644775390625,118.5618896484375,0.3
Kimono_1920x1080_24.yuv,213,0,831.218994140625,638.3212280273438,1027.69091796875,1074.852294921875,0.9381415247917175,0,person,196.471923828125,436.53106689453125,1.0
Kimono_1920x1080_24.yuv,213,1,831.7542724609375,814.343994140625,954.2944946289062,933.9677124023438,0.3455832302570343,24,backpack,122.54022216796875,119.62371826171875,1.0
Kimono_1920x1080_24.yuv,213,2,832.3988037109375,815.3828125,958.1807250976562,931.968994140625,0.274196058511734,26,handbag,125.78192138671875,116.586181640625,1.0
Kimono_1920x1080_24.yuv,213,0,831.2608032226562,638.8331298828125,1027.6021728515625,1074.439208984375,0.9415093064308167,0,person,196.34136962890625,435.6060791015625,0.9
Kimono_1920x1080_24.yuv,213,1,831.4843139648438,814.796875,953.90771484375,933.824951171875,0.2884887456893921,24,backpack,122.42340087890625,119.028076171875,0.9
Kimono_1920x1080_24.yuv,213,2,832.3202514648438,816.0934448242188,957.2747192382812,931.8411865234375,0.28424474596977234,26,handbag,124.9544677734375,115.74774169921875,0.9
Kimono_1920x1080_24.yuv,213,0,831.3854370117188,638.9690551757812,1027.56298828125,1074.4332275390625,0.9429580569267273,0,person,196.17755126953125,435.46417236328125,0.7
Kimono_1920x1080_24.yuv,213,1,832.6708984375,815.6599731445312,958.2243041992188,932.1595458984375,0.2976284921169281,26,handbag,125.55340576171875,116.49957275390625,0.7
Kimono_1920x1080_24.yuv,213,2,831.7544555664062,814.7428588867188,954.6863403320312,934.0146484375,0.28684473037719727,24,backpack,122.931884765625,119.27178955078125,0.7
Kimono_1920x1080_24.yuv,213,0,831.2579956054688,638.2257080078125,1027.631103515625,1074.45947265625,0.9400066137313843,0,person,196.37310791015625,436.2337646484375,0.5
Kimono_1920x1080_24.yuv,213,1,831.4781494140625,814.3053588867188,953.9125366210938,933.580810546875,0.3479293882846832,24,backpack,122.43438720703125,119.27545166015625,0.5
Kimono_1920x1080_24.yuv,213,2,832.3524169921875,814.2037353515625,957.8274536132812,931.7142333984375,0.30933496356010437,26,handbag,125.47503662109375,117.510498046875,0.5
Kimono_1920x1080_24.yuv,213,0,831.643310546875,637.0611572265625,1027.3182373046875,1075.3648681640625,0.9368515610694885,0,person,195.6749267578125,438.3037109375,0.3
Kimono_1920x1080_24.yuv,213,1,832.0197143554688,815.11328125,953.0659790039062,932.4346313476562,0.45689857006073,24,backpack,121.0462646484375,117.32135009765625,0.3
Kimono_1920x1080_24.yuv,214,0,833.8585205078125,638.2340698242188,1029.126953125,1074.582763671875,0.9463348984718323,0,person,195.2684326171875,436.34869384765625,1.0
Kimono_1920x1080_24.yuv,214,1,832.9383544921875,814.7477416992188,955.6126098632812,933.1153564453125,0.40670233964920044,24,backpack,122.67425537109375,118.36761474609375,1.0
Kimono_1920x1080_24.yuv,214,2,834.0826416015625,814.4564208984375,958.2133178710938,930.9384155273438,0.332590252161026,26,handbag,124.13067626953125,116.48199462890625,1.0
Kimono_1920x1080_24.yuv,214,0,833.9503784179688,637.194580078125,1029.4207763671875,1074.489013671875,0.947467565536499,0,person,195.47039794921875,437.29443359375,0.9
Kimono_1920x1080_24.yuv,214,1,832.9424438476562,814.9288940429688,955.4520874023438,933.2890014648438,0.3749593198299408,24,backpack,122.5096435546875,118.360107421875,0.9
Kimono_1920x1080_24.yuv,214,2,834.0723266601562,814.8087768554688,958.3350219726562,930.977294921875,0.3289780616760254,26,handbag,124.2626953125,116.16851806640625,0.9
Kimono_1920x1080_24.yuv,214,0,834.2611694335938,638.1652221679688,1029.272705078125,1074.380615234375,0.9462701082229614,0,person,195.01153564453125,436.21539306640625,0.7
Kimono_1920x1080_24.yuv,214,1,833.1095581054688,814.7706298828125,955.37548828125,933.4083251953125,0.3924063742160797,24,backpack,122.26593017578125,118.6376953125,0.7
Kimono_1920x1080_24.yuv,214,2,834.1935424804688,814.7506713867188,958.2229614257812,931.1326904296875,0.3740817606449127,26,handbag,124.0294189453125,116.38201904296875,0.7
Kimono_1920x1080_24.yuv,214,0,833.9703369140625,636.7080078125,1029.348388671875,1074.779052734375,0.946560800075531,0,person,195.3780517578125,438.071044921875,0.5
Kimono_1920x1080_24.yuv,214,1,834.4013671875,813.4422607421875,958.9616088867188,931.7265625,0.4107547998428345,26,handbag,124.56024169921875,118.2843017578125,0.5
Kimono_1920x1080_24.yuv,214,2,833.1218872070312,814.4029541015625,956.4437866210938,933.8036499023438,0.3396815061569214,24,backpack,123.3218994140625,119.40069580078125,0.5
Kimono_1920x1080_24.yuv,214,0,833.7047119140625,639.0171508789062,1028.985595703125,1075.4029541015625,0.9429556131362915,0,person,195.2808837890625,436.38580322265625,0.3
Kimono_1920x1080_24.yuv,214,1,833.4428100585938,814.4660034179688,958.087646484375,933.3583984375,0.4524857699871063,24,backpack,124.64483642578125,118.89239501953125,0.3
Kimono_1920x1080_24.yuv,214,2,834.2733764648438,814.5051879882812,960.4491577148438,931.322265625,0.2767307460308075,26,handbag,126.17578125,116.81707763671875,0.3
Kimono_1920x1080_24.yuv,215,0,834.3006591796875,641.0672607421875,1030.0023193359375,1074.5093994140625,0.9453275203704834,0,person,195.70166015625,433.442138671875,1.0
Kimono_1920x1080_24.yuv,215,1,834.1962890625,814.293701171875,959.02587890625,930.47265625,0.3926420211791992,26,handbag,124.82958984375,116.178955078125,1.0
Kimono_1920x1080_24.yuv,215,2,832.5679931640625,815.1959838867188,956.7559814453125,932.2811279296875,0.3560294806957245,24,backpack,124.18798828125,117.08514404296875,1.0
Kimono_1920x1080_24.yuv,215,0,834.36572265625,639.451416015625,1030.1962890625,1074.7701416015625,0.9473848938941956,0,person,195.83056640625,435.3187255859375,0.9
Kimono_1920x1080_24.yuv,215,1,834.479736328125,814.2909545898438,960.1915283203125,930.7236938476562,0.38855406641960144,26,handbag,125.7117919921875,116.4327392578125,0.9
Kimono_1920x1080_24.yuv,215,2,832.8362426757812,815.0601806640625,957.354736328125,932.5531005859375,0.3537593483924866,24,backpack,124.51849365234375,117.492919921875,0.9
Kimono_1920x1080_24.yuv,215,0,834.5597534179688,638.3306884765625,1029.91845703125,1075.0748291015625,0.9471697211265564,0,person,195.35870361328125,436.744140625,0.7
Kimono_1920x1080_24.yuv,215,1,834.6502075195312,814.0003051757812,961.2315673828125,931.2185668945312,0.38741639256477356,26,handbag,126.58135986328125,117.21826171875,0.7
Kimono_1920x1080_24.yuv,215,2,833.2835693359375,814.6655883789062,957.8472900390625,932.8986206054688,0.3779577910900116,24,backpack,124.563720703125,118.2330322265625,0.7
Kimono_1920x1080_24.yuv,215,0,834.5621948242188,637.6598510742188,1030.4859619140625,1075.0947265625,0.9495243430137634,0,person,195.92376708984375,437.43487548828125,0.5
Kimono_1920x1080_24.yuv,215,1,833.0575561523438,815.4351196289062,957.4755249023438,933.1686401367188,0.3674141764640808,24,backpack,124.41796875,117.7335205078125,0.5
Kimono_1920x1080_24.yuv,215,2,834.646728515625,814.3458251953125,960.018310546875,931.65380859375,0.35900771617889404,26,handbag,125.37158203125,117.3079833984375,0.5
Kimono_1920x1080_24.yuv,215,0,834.3270874023438,636.9208374023438,1029.4700927734375,1075.6348876953125,0.948060154914856,0,person,195.14300537109375,438.71405029296875,0.3
Kimono_1920x1080_24.yuv,215,1,833.2260131835938,814.6461791992188,959.9932250976562,931.2545166015625,0.3989616930484772,24,backpack,126.7672119140625,116.60833740234375,0.3
Kimono_1920x1080_24.yuv,215,2,834.9303588867188,813.43017578125,962.61328125,930.1557006835938,0.31073349714279175,26,handbag,127.68292236328125,116.72552490234375,0.3
Kimono_1920x1080_24.yuv,216,0,836.47412109375,636.479736328125,1030.7684326171875,1075.3946533203125,0.9453924298286438,0,person,194.2943115234375,438.9149169921875,1.0
Kimono_1920x1080_24.yuv,216,1,836.8004760742188,812.2781982421875,963.2796630859375,928.2434692382812,0.3458107113838196,26,handbag,126.47918701171875,115.96527099609375,1.0
Kimono_1920x1080_24.yuv,216,2,834.5359497070312,813.6768188476562,960.1972045898438,928.917724609375,0.28192681074142456,24,backpack,125.6612548828125,115.24090576171875,1.0
Kimono_1920x1080_24.yuv,216,0,836.2139892578125,635.7957153320312,1030.94970703125,1075.4835205078125,0.9455953240394592,0,person,194.7357177734375,439.68780517578125,0.9
Kimono_1920x1080_24.yuv,216,1,836.8070678710938,811.7805786132812,964.0803833007812,928.7018432617188,0.3219972550868988,26,handbag,127.2733154296875,116.9212646484375,0.9
Kimono_1920x1080_24.yuv,216,2,834.7941284179688,813.668701171875,960.4052124023438,929.2879028320312,0.3219144940376282,24,backpack,125.611083984375,115.61920166015625,0.9
Kimono_1920x1080_24.yuv,216,0,836.4060668945312,636.6388549804688,1031.248046875,1075.50732421875,0.9464365243911743,0,person,194.84197998046875,438.86846923828125,0.7
Kimono_1920x1080_24.yuv,216,1,835.0397338867188,813.6710815429688,959.8250122070312,929.2424926757812,0.3344813287258148,24,backpack,124.7852783203125,115.5714111328125,0.7
Kimono_1920x1080_24.yuv,216,2,837.0157470703125,811.9378051757812,963.7703247070312,928.5296630859375,0.3131268620491028,26,handbag,126.75457763671875,116.59185791015625,0.7
Kimono_1920x1080_24.yuv,216,0,836.7410888671875,636.1640625,1031.42578125,1075.53564453125,0.9469655156135559,0,person,194.6846923828125,439.37158203125,0.5
Kimono_1920x1080_24.yuv,216,1,837.7734985351562,810.0188598632812,965.5803833007812,929.255859375,0.3227602243423462,26,handbag,127.806884765625,119.23699951171875,0.5
Kimono_1920x1080_24.yuv,216,2,836.1324462890625,812.8484497070312,960.6302490234375,929.765869140625,0.3091903328895569,24,backpack,124.497802734375,116.91741943359375,0.5
Kimono_1920x1080_24.yuv,216,0,835.8463134765625,638.7330932617188,1030.9385986328125,1076.339599609375,0.9445996284484863,0,person,195.09228515625,437.60650634765625,0.3
Kimono_1920x1080_24.yuv,216,1,835.6036376953125,812.1205444335938,961.9238891601562,930.5897827148438,0.3597007393836975,24,backpack,126.32025146484375,118.46923828125,0.3
Kimono_1920x1080_24.yuv,217,0,834.394287109375,639.0643310546875,1031.6915283203125,1075.5494384765625,0.9485289454460144,0,person,197.2972412109375,436.485107421875,1.0
Kimono_1920x1080_24.yuv,217,0,834.4223022460938,638.7864990234375,1032.016845703125,1075.45361328125,0.9489372372627258,0,person,197.59454345703125,436.6671142578125,0.9
Kimono_1920x1080_24.yuv,217,0,835.1306762695312,638.4310913085938,1032.1842041015625,1075.5623779296875,0.949666440486908,0,person,197.05352783203125,437.13128662109375,0.7
Kimono_1920x1080_24.yuv,217,0,835.5184936523438,636.1880493164062,1032.3564453125,1075.9908447265625,0.949142575263977,0,person,196.83795166015625,439.80279541015625,0.5
Kimono_1920x1080_24.yuv,217,0,836.8662109375,637.4752807617188,1032.287841796875,1075.97509765625,0.9495300650596619,0,person,195.421630859375,438.49981689453125,0.3
Kimono_1920x1080_24.yuv,217,1,838.6648559570312,808.4923095703125,965.8744506835938,925.482421875,0.30625179409980774,26,handbag,127.2095947265625,116.9901123046875,0.3
Kimono_1920x1080_24.yuv,218,0,839.6173095703125,639.6185913085938,1031.686279296875,1076.3126220703125,0.9536442756652832,0,person,192.0689697265625,436.69403076171875,1.0
Kimono_1920x1080_24.yuv,218,1,842.7921752929688,805.3463745117188,966.558837890625,923.5850830078125,0.3066908121109009,24,backpack,123.76666259765625,118.23870849609375,1.0
Kimono_1920x1080_24.yuv,218,0,839.9806518554688,639.6537475585938,1032.019287109375,1076.004638671875,0.9533191919326782,0,person,192.03863525390625,436.35089111328125,0.9
Kimono_1920x1080_24.yuv,218,1,842.9075317382812,806.2967529296875,965.7509765625,923.2573852539062,0.2779003083705902,24,backpack,122.84344482421875,116.96063232421875,0.9
Kimono_1920x1080_24.yuv,218,0,839.7294311523438,638.8394165039062,1032.076171875,1076.2269287109375,0.9540746808052063,0,person,192.34674072265625,437.38751220703125,0.7
Kimono_1920x1080_24.yuv,218,1,842.5822143554688,806.0315551757812,966.4347534179688,923.3735961914062,0.25033217668533325,24,backpack,123.8525390625,117.342041015625,0.7
Kimono_1920x1080_24.yuv,218,0,839.1139526367188,638.3185424804688,1032.5596923828125,1076.152587890625,0.9527536630630493,0,person,193.44573974609375,437.83404541015625,0.5
Kimono_1920x1080_24.yuv,218,1,841.95556640625,805.7268676757812,968.6043090820312,923.4305419921875,0.30532407760620117,26,handbag,126.64874267578125,117.70367431640625,0.5
Kimono_1920x1080_24.yuv,218,0,838.4439697265625,636.4389038085938,1032.12451171875,1076.5543212890625,0.9528630375862122,0,person,193.6805419921875,440.11541748046875,0.3
Kimono_1920x1080_24.yuv,219,0,839.8131103515625,638.4828491210938,1033.458251953125,1077.06494140625,0.9523539543151855,0,person,193.6451416015625,438.58209228515625,1.0
Kimono_1920x1080_24.yuv,219,1,843.458740234375,799.7853393554688,970.8578491210938,928.9603881835938,0.282068133354187,26,handbag,127.39910888671875,129.175048828125,1.0
Kimono_1920x1080_24.yuv,219,0,840.172119140625,637.04052734375,1033.6820068359375,1076.9674072265625,0.951385498046875,0,person,193.5098876953125,439.9268798828125,0.9
Kimono_1920x1080_24.yuv,219,1,843.463623046875,799.5564575195312,969.75732421875,927.6923828125,0.2763005495071411,26,handbag,126.293701171875,128.13592529296875,0.9
Kimono_1920x1080_24.yuv,219,0,840.0765380859375,637.7017822265625,1033.7205810546875,1076.9327392578125,0.9513477087020874,0,person,193.64404296875,439.23095703125,0.7
Kimono_1920x1080_24.yuv,219,1,843.1254272460938,799.8240966796875,969.7424926757812,926.8070068359375,0.25890934467315674,26,handbag,126.6170654296875,126.98291015625,0.7
Kimono_1920x1080_24.yuv,219,0,839.690185546875,635.7783203125,1034.1485595703125,1077.2320556640625,0.9502210021018982,0,person,194.4583740234375,441.4537353515625,0.5
Kimono_1920x1080_24.yuv,219,0,839.2037353515625,635.1802368164062,1034.18505859375,1077.13232421875,0.9515454769134521,0,person,194.9813232421875,441.95208740234375,0.3
Kimono_1920x1080_24.yuv,219,1,841.533203125,805.2149658203125,967.5333862304688,923.19677734375,0.3031192123889923,24,backpack,126.00018310546875,117.9818115234375,0.3
Kimono_1920x1080_24.yuv,220,0,839.7955322265625,636.9977416992188,1034.7076416015625,1076.8466796875,0.9513041377067566,0,person,194.912109375,439.84893798828125,1.0
Kimono_1920x1080_24.yuv,220,1,841.8475952148438,802.5119018554688,969.8789672851562,922.6014404296875,0.2625263035297394,24,backpack,128.0313720703125,120.08953857421875,1.0
Kimono_1920x1080_24.yuv,220,2,843.439453125,799.6962890625,970.973876953125,921.9036254882812,0.25675782561302185,26,handbag,127.534423828125,122.20733642578125,1.0
Kimono_1920x1080_24.yuv,220,0,840.221923828125,637.598388671875,1035.2120361328125,1076.921630859375,0.949698269367218,0,person,194.9901123046875,439.3232421875,0.9
Kimono_1920x1080_24.yuv,220,0,840.207275390625,637.3446655273438,1035.346923828125,1077.015380859375,0.9514024257659912,0,person,195.1396484375,439.67071533203125,0.7
Kimono_1920x1080_24.yuv,220,0,839.8401489257812,636.0192260742188,1035.208740234375,1077.0081787109375,0.9501879215240479,0,person,195.36859130859375,440.98895263671875,0.5
Kimono_1920x1080_24.yuv,220,1,843.297607421875,796.5269165039062,971.9345092773438,922.423828125,0.2724425494670868,24,backpack,128.63690185546875,125.89691162109375,0.5
Kimono_1920x1080_24.yuv,220,0,839.0314331054688,636.9109497070312,1034.5106201171875,1077.374755859375,0.9506786465644836,0,person,195.47918701171875,440.46380615234375,0.3
Kimono_1920x1080_24.yuv,220,1,842.3772583007812,792.1499633789062,975.3072509765625,924.4487915039062,0.2806265354156494,26,handbag,132.92999267578125,132.298828125,0.3
Kimono_1920x1080_24.yuv,221,0,840.6019287109375,637.298583984375,1036.102294921875,1077.2369384765625,0.948930025100708,0,person,195.5003662109375,439.9383544921875,1.0
Kimono_1920x1080_24.yuv,221,0,840.7711181640625,637.6675415039062,1036.21435546875,1077.345458984375,0.9474917650222778,0,person,195.4432373046875,439.67791748046875,0.9
Kimono_1920x1080_24.yuv,221,1,842.0626831054688,902.0308227539062,872.390625,1002.406494140625,0.2593584954738617,26,handbag,30.32794189453125,100.37567138671875,0.9
Kimono_1920x1080_24.yuv,221,0,840.7745361328125,638.3150024414062,1036.15771484375,1077.2947998046875,0.9475656747817993,0,person,195.3831787109375,438.97979736328125,0.7
Kimono_1920x1080_24.yuv,221,0,840.9283447265625,639.4044799804688,1036.5455322265625,1077.412353515625,0.948212206363678,0,person,195.6171875,438.00787353515625,0.5
Kimono_1920x1080_24.yuv,221,0,839.5130004882812,639.3687744140625,1036.6571044921875,1077.1190185546875,0.9488527774810791,0,person,197.14410400390625,437.750244140625,0.3
Kimono_1920x1080_24.yuv,222,0,841.253173828125,639.0750122070312,1036.8372802734375,1077.6981201171875,0.9559798836708069,0,person,195.5841064453125,438.62310791015625,1.0
Kimono_1920x1080_24.yuv,222,0,841.4553833007812,638.9423828125,1037.126953125,1077.479248046875,0.9556034207344055,0,person,195.67156982421875,438.536865234375,0.9
Kimono_1920x1080_24.yuv,222,0,841.3305053710938,639.4744873046875,1037.3045654296875,1077.2596435546875,0.9569182991981506,0,person,195.97406005859375,437.78515625,0.7
Kimono_1920x1080_24.yuv,222,0,841.62548828125,637.0084838867188,1037.5228271484375,1077.0487060546875,0.9545018672943115,0,person,195.8973388671875,440.04022216796875,0.5
Kimono_1920x1080_24.yuv,222,0,841.1459350585938,639.1826171875,1037.0291748046875,1077.2471923828125,0.955037534236908,0,person,195.88323974609375,438.0645751953125,0.3
Kimono_1920x1080_24.yuv,223,0,843.4979248046875,640.397705078125,1039.940185546875,1076.7010498046875,0.9464547038078308,0,person,196.4422607421875,436.3033447265625,1.0
Kimono_1920x1080_24.yuv,223,0,843.6699829101562,640.2823486328125,1040.095947265625,1076.623046875,0.9467924237251282,0,person,196.42596435546875,436.3406982421875,0.9
Kimono_1920x1080_24.yuv,223,0,844.0706787109375,639.1719360351562,1039.320068359375,1076.63525390625,0.946652889251709,0,person,195.2493896484375,437.46331787109375,0.7
Kimono_1920x1080_24.yuv,223,0,843.968505859375,640.9334106445312,1039.8660888671875,1076.877685546875,0.945987343788147,0,person,195.8975830078125,435.94427490234375,0.5
Kimono_1920x1080_24.yuv,223,0,843.752197265625,638.403076171875,1038.467041015625,1077.0098876953125,0.9487055540084839,0,person,194.71484375,438.6068115234375,0.3
Kimono_1920x1080_24.yuv,224,0,846.9299926757812,643.1435546875,1040.7498779296875,1076.0701904296875,0.9454060196876526,0,person,193.81988525390625,432.9266357421875,1.0
Kimono_1920x1080_24.yuv,224,0,846.6630859375,642.1593627929688,1041.0606689453125,1076.0792236328125,0.9450368881225586,0,person,194.3975830078125,433.91986083984375,0.9
Kimono_1920x1080_24.yuv,224,0,847.3883666992188,641.81396484375,1040.8114013671875,1076.009765625,0.9461987614631653,0,person,193.42303466796875,434.19580078125,0.7
Kimono_1920x1080_24.yuv,224,0,846.4740600585938,641.7786254882812,1041.1231689453125,1076.4595947265625,0.9445455074310303,0,person,194.64910888671875,434.68096923828125,0.5
Kimono_1920x1080_24.yuv,224,0,846.343017578125,641.5784912109375,1040.9595947265625,1076.792724609375,0.9439707398414612,0,person,194.6165771484375,435.2142333984375,0.3
Kimono_1920x1080_24.yuv,225,0,849.3963012695312,644.6287231445312,1042.34033203125,1076.088134765625,0.9466103911399841,0,person,192.94403076171875,431.45941162109375,1.0
Kimono_1920x1080_24.yuv,225,0,849.5753784179688,642.9386596679688,1042.288330078125,1076.216552734375,0.9462932348251343,0,person,192.71295166015625,433.27789306640625,0.9
Kimono_1920x1080_24.yuv,225,0,849.6416625976562,641.216552734375,1042.6234130859375,1076.3646240234375,0.9463064074516296,0,person,192.98175048828125,435.1480712890625,0.7
Kimono_1920x1080_24.yuv,225,0,849.9046020507812,641.575927734375,1042.2325439453125,1075.847900390625,0.9488551020622253,0,person,192.32794189453125,434.27197265625,0.5
Kimono_1920x1080_24.yuv,225,0,847.9365844726562,639.34130859375,1044.0042724609375,1076.69873046875,0.9448162317276001,0,person,196.06768798828125,437.357421875,0.3
Kimono_1920x1080_24.yuv,226,0,851.4705200195312,645.21826171875,1041.8656005859375,1076.0679931640625,0.9477289319038391,0,person,190.39508056640625,430.8497314453125,1.0
Kimono_1920x1080_24.yuv,226,0,851.4406127929688,643.7052001953125,1041.943115234375,1076.1947021484375,0.9471986889839172,0,person,190.50250244140625,432.489501953125,0.9
Kimono_1920x1080_24.yuv,226,0,851.3330078125,642.8366088867188,1041.8887939453125,1076.2811279296875,0.9469877481460571,0,person,190.5557861328125,433.44451904296875,0.7
Kimono_1920x1080_24.yuv,226,0,851.0537719726562,641.2311401367188,1042.4359130859375,1076.2833251953125,0.949816107749939,0,person,191.38214111328125,435.05218505859375,0.5
Kimono_1920x1080_24.yuv,226,0,850.3854370117188,640.6836547851562,1043.0108642578125,1076.98828125,0.947234034538269,0,person,192.62542724609375,436.30462646484375,0.3
Kimono_1920x1080_24.yuv,227,0,851.6921997070312,644.2249755859375,1042.7015380859375,1075.780517578125,0.9449008703231812,0,person,191.00933837890625,431.5555419921875,1.0
Kimono_1920x1080_24.yuv,227,0,852.235107421875,642.7518310546875,1042.5948486328125,1075.9805908203125,0.9466864466667175,0,person,190.3597412109375,433.228759765625,0.9
Kimono_1920x1080_24.yuv,227,0,852.3765258789062,643.1138305664062,1042.503173828125,1075.8072509765625,0.9481334090232849,0,person,190.12664794921875,432.69342041015625,0.7
Kimono_1920x1080_24.yuv,227,0,852.6039428710938,641.343994140625,1042.17724609375,1076.2872314453125,0.9499182105064392,0,person,189.57330322265625,434.9432373046875,0.5
Kimono_1920x1080_24.yuv,227,0,852.2858276367188,640.4461059570312,1042.7476806640625,1076.490966796875,0.949004590511322,0,person,190.46185302734375,436.04486083984375,0.3
Kimono_1920x1080_24.yuv,228,0,854.3098754882812,637.8551025390625,1042.071533203125,1076.316650390625,0.9549627900123596,0,person,187.76165771484375,438.4615478515625,1.0
Kimono_1920x1080_24.yuv,228,0,854.9041137695312,637.6553344726562,1042.2464599609375,1076.3824462890625,0.9554722905158997,0,person,187.34234619140625,438.72711181640625,0.9
Kimono_1920x1080_24.yuv,228,0,855.1549682617188,638.3994140625,1042.092041015625,1076.31787109375,0.9539443850517273,0,person,186.93707275390625,437.91845703125,0.7
Kimono_1920x1080_24.yuv,228,0,854.8154296875,639.5416259765625,1042.332275390625,1076.622802734375,0.9530021548271179,0,person,187.516845703125,437.0811767578125,0.5
Kimono_1920x1080_24.yuv,228,0,853.6439819335938,638.5382080078125,1042.2564697265625,1076.8765869140625,0.9496536254882812,0,person,188.61248779296875,438.33837890625,0.3
Kimono_1920x1080_24.yuv,229,0,855.2607421875,637.6392211914062,1043.736083984375,1076.5428466796875,0.9536706209182739,0,person,188.475341796875,438.90362548828125,1.0
Kimono_1920x1080_24.yuv,229,0,855.6289672851562,638.5137329101562,1043.748046875,1076.330078125,0.9535040259361267,0,person,188.11907958984375,437.81634521484375,0.9
Kimono_1920x1080_24.yuv,229,0,855.7300415039062,639.063720703125,1043.5814208984375,1076.3917236328125,0.953575849533081,0,person,187.85137939453125,437.3280029296875,0.7
Kimono_1920x1080_24.yuv,229,0,855.8056640625,638.4188232421875,1043.8099365234375,1076.2010498046875,0.9529119729995728,0,person,188.0042724609375,437.7822265625,0.5
Kimono_1920x1080_24.yuv,229,0,855.4271850585938,637.5349731445312,1043.835693359375,1076.289306640625,0.952085018157959,0,person,188.40850830078125,438.75433349609375,0.3
Kimono_1920x1080_24.yuv,229,1,859.8805541992188,804.135009765625,976.8314819335938,912.5936889648438,0.2673984169960022,26,handbag,116.950927734375,108.45867919921875,0.3
Kimono_1920x1080_24.yuv,230,0,857.7390747070312,639.25048828125,1045.2432861328125,1076.513427734375,0.9521616697311401,0,person,187.50421142578125,437.262939453125,1.0
Kimono_1920x1080_24.yuv,230,0,857.8729248046875,637.9136352539062,1045.18701171875,1076.54296875,0.9522925019264221,0,person,187.3140869140625,438.62933349609375,0.9
Kimono_1920x1080_24.yuv,230,0,857.7738647460938,637.4618530273438,1045.4287109375,1076.5050048828125,0.951317310333252,0,person,187.65484619140625,439.04315185546875,0.7
Kimono_1920x1080_24.yuv,230,0,857.2101440429688,638.5151977539062,1045.0194091796875,1076.7310791015625,0.9505527019500732,0,person,187.80926513671875,438.21588134765625,0.5
Kimono_1920x1080_24.yuv,230,0,857.1571655273438,638.6713256835938,1044.8984375,1077.0250244140625,0.9500712752342224,0,person,187.74127197265625,438.35369873046875,0.3
Kimono_1920x1080_24.yuv,231,0,861.9137573242188,639.82421875,1045.58349609375,1076.7220458984375,0.9528650641441345,0,person,183.66973876953125,436.8978271484375,1.0
Kimono_1920x1080_24.yuv,231,0,862.073974609375,639.7228393554688,1045.4903564453125,1076.4632568359375,0.9530089497566223,0,person,183.4163818359375,436.74041748046875,0.9
Kimono_1920x1080_24.yuv,231,0,861.560302734375,640.4946899414062,1045.8116455078125,1076.280029296875,0.9509705305099487,0,person,184.2513427734375,435.78533935546875,0.7
Kimono_1920x1080_24.yuv,231,0,861.568359375,639.410400390625,1045.7947998046875,1076.635498046875,0.9522185921669006,0,person,184.2264404296875,437.22509765625,0.5
Kimono_1920x1080_24.yuv,231,0,861.0283813476562,643.4480590820312,1046.245361328125,1076.9307861328125,0.9462767839431763,0,person,185.21697998046875,433.48272705078125,0.3
Kimono_1920x1080_24.yuv,232,0,864.665283203125,640.2725830078125,1047.84375,1076.1768798828125,0.9461084604263306,0,person,183.178466796875,435.904296875,1.0
Kimono_1920x1080_24.yuv,232,0,864.6192626953125,640.7470703125,1047.4322509765625,1076.002685546875,0.9453348517417908,0,person,182.81298828125,435.255615234375,0.9
Kimono_1920x1080_24.yuv,232,0,864.919189453125,640.349853515625,1047.3773193359375,1075.853759765625,0.9454205632209778,0,person,182.4581298828125,435.50390625,0.7
Kimono_1920x1080_24.yuv,232,0,864.6043090820312,642.678955078125,1047.4918212890625,1075.734375,0.9441564679145813,0,person,182.88751220703125,433.055419921875,0.5
Kimono_1920x1080_24.yuv,232,0,864.2069091796875,644.2738647460938,1047.59228515625,1075.9239501953125,0.9442490935325623,0,person,183.3853759765625,431.65008544921875,0.3
Kimono_1920x1080_24.yuv,233,0,867.8450927734375,642.5372924804688,1048.17333984375,1075.865478515625,0.9473748207092285,0,person,180.3282470703125,433.32818603515625,1.0
Kimono_1920x1080_24.yuv,233,0,867.923828125,644.017822265625,1047.96484375,1075.5531005859375,0.9464780688285828,0,person,180.041015625,431.5352783203125,0.9
Kimono_1920x1080_24.yuv,233,0,867.7822875976562,642.4713134765625,1048.134033203125,1075.58544921875,0.947737991809845,0,person,180.35174560546875,433.1141357421875,0.7
Kimono_1920x1080_24.yuv,233,0,867.8029174804688,642.5775146484375,1048.21337890625,1075.76513671875,0.9466317892074585,0,person,180.41046142578125,433.1876220703125,0.5
Kimono_1920x1080_24.yuv,233,0,867.5398559570312,643.232421875,1048.183837890625,1074.4951171875,0.9264247417449951,0,person,180.64398193359375,431.2626953125,0.3
Kimono_1920x1080_24.yuv,233,1,869.3189086914062,803.6958618164062,983.0061645507812,910.14990234375,0.2616921067237854,24,backpack,113.687255859375,106.45404052734375,0.3
Kimono_1920x1080_24.yuv,234,0,871.7243041992188,648.08203125,1049.413330078125,1074.763671875,0.942465603351593,0,person,177.68902587890625,426.681640625,1.0
Kimono_1920x1080_24.yuv,234,0,871.9541625976562,646.59814453125,1049.175537109375,1074.7303466796875,0.9427458643913269,0,person,177.22137451171875,428.1322021484375,0.9
Kimono_1920x1080_24.yuv,234,0,872.0645141601562,646.569580078125,1049.635986328125,1074.908935546875,0.9457899928092957,0,person,177.57147216796875,428.33935546875,0.7
Kimono_1920x1080_24.yuv,234,0,871.8865356445312,645.1557006835938,1049.5286865234375,1075.09521484375,0.9452682137489319,0,person,177.64215087890625,429.93951416015625,0.5
Kimono_1920x1080_24.yuv,234,0,871.2354736328125,643.1235961914062,1049.5443115234375,1075.576171875,0.9374812245368958,0,person,178.308837890625,432.45257568359375,0.3
Kimono_1920x1080_24.yuv,235,0,874.0572509765625,645.5614624023438,1051.9501953125,1075.4454345703125,0.9459499716758728,0,person,177.8929443359375,429.88397216796875,1.0
Kimono_1920x1080_24.yuv,235,0,874.2421875,645.7234497070312,1051.6077880859375,1075.4835205078125,0.944391131401062,0,person,177.3656005859375,429.76007080078125,0.9
Kimono_1920x1080_24.yuv,235,0,874.4537353515625,645.1043701171875,1051.532470703125,1075.3770751953125,0.9440195560455322,0,person,177.0787353515625,430.272705078125,0.7
Kimono_1920x1080_24.yuv,235,0,874.2509765625,644.9608154296875,1051.564453125,1075.5985107421875,0.9440229535102844,0,person,177.3134765625,430.6376953125,0.5
Kimono_1920x1080_24.yuv,235,0,873.9295043945312,645.834716796875,1051.7100830078125,1075.3568115234375,0.914030909538269,0,person,177.78057861328125,429.5220947265625,0.3
Kimono_1920x1080_24.yuv,236,0,876.5465698242188,645.534912109375,1055.6031494140625,1075.5174560546875,0.9343405365943909,0,person,179.05657958984375,429.9825439453125,1.0
Kimono_1920x1080_24.yuv,236,0,876.8858642578125,644.549560546875,1054.29345703125,1076.140625,0.9491011500358582,0,person,177.4075927734375,431.591064453125,0.9
Kimono_1920x1080_24.yuv,236,0,876.8489379882812,643.5164794921875,1053.9737548828125,1076.1357421875,0.9463322162628174,0,person,177.12481689453125,432.6192626953125,0.7
Kimono_1920x1080_24.yuv,236,0,877.1598510742188,644.1028442382812,1054.36328125,1076.57958984375,0.9467658996582031,0,person,177.20343017578125,432.47674560546875,0.5
Kimono_1920x1080_24.yuv,236,0,877.021728515625,645.8941040039062,1055.545166015625,1076.233154296875,0.932541012763977,0,person,178.5234375,430.33905029296875,0.3
Kimono_1920x1080_24.yuv,236,1,878.8671264648438,804.7080688476562,989.8284912109375,909.9212036132812,0.2556777000427246,24,backpack,110.96136474609375,105.213134765625,0.3
Kimono_1920x1080_24.yuv,237,0,879.6295776367188,641.8011474609375,1058.861572265625,1075.2861328125,0.9389456510543823,0,person,179.23199462890625,433.4849853515625,1.0
Kimono_1920x1080_24.yuv,237,1,882.0662841796875,801.3447875976562,993.1876831054688,910.4967041015625,0.2713650166988373,24,backpack,111.12139892578125,109.15191650390625,1.0
Kimono_1920x1080_24.yuv,237,0,879.7372436523438,641.8515014648438,1058.8095703125,1075.134521484375,0.9379410147666931,0,person,179.07232666015625,433.28302001953125,0.9
Kimono_1920x1080_24.yuv,237,1,881.945068359375,801.4122314453125,992.5977172851562,909.9849853515625,0.2518996596336365,24,backpack,110.65264892578125,108.57275390625,0.9
Kimono_1920x1080_24.yuv,237,0,879.9448852539062,641.3275146484375,1058.7198486328125,1075.2655029296875,0.9399735927581787,0,person,178.77496337890625,433.93798828125,0.7
Kimono_1920x1080_24.yuv,237,0,879.7879638671875,641.6971435546875,1058.7186279296875,1075.5382080078125,0.9392138719558716,0,person,178.9306640625,433.841064453125,0.5
Kimono_1920x1080_24.yuv,237,1,881.700439453125,801.5344848632812,991.6036376953125,910.0819702148438,0.3294782340526581,24,backpack,109.9031982421875,108.5474853515625,0.5
Kimono_1920x1080_24.yuv,237,0,880.1143798828125,640.7704467773438,1058.5679931640625,1075.8773193359375,0.9379030466079712,0,person,178.45361328125,435.10687255859375,0.3
Kimono_1920x1080_24.yuv,237,1,881.8758544921875,802.4451293945312,992.5991821289062,909.0621337890625,0.2729054391384125,24,backpack,110.72332763671875,106.61700439453125,0.3
Kimono_1920x1080_24.yuv,238,0,884.5927734375,639.704833984375,1061.0482177734375,1075.5849609375,0.946522057056427,0,person,176.4554443359375,435.880126953125,1.0
Kimono_1920x1080_24.yuv,238,0,884.8955078125,640.1137084960938,1061.106689453125,1075.592529296875,0.9463679194450378,0,person,176.211181640625,435.47882080078125,0.9
Kimono_1920x1080_24.yuv,238,0,884.6435546875,639.7875366210938,1060.8624267578125,1075.6253662109375,0.9461567401885986,0,person,176.2188720703125,435.83782958984375,0.7
Kimono_1920x1080_24.yuv,238,0,884.3120727539062,639.907470703125,1061.038330078125,1075.6348876953125,0.9446325898170471,0,person,176.72625732421875,435.7274169921875,0.5
Kimono_1920x1080_24.yuv,238,0,883.7916870117188,640.2240600585938,1060.8299560546875,1076.0247802734375,0.9430671334266663,0,person,177.03826904296875,435.80072021484375,0.3
Kimono_1920x1080_24.yuv,239,0,886.5604248046875,644.0462646484375,1062.820068359375,1076.0257568359375,0.9447261095046997,0,person,176.2596435546875,431.9794921875,1.0
Kimono_1920x1080_24.yuv,239,0,886.7964477539062,643.3350830078125,1062.7196044921875,1075.9697265625,0.9433075189590454,0,person,175.92315673828125,432.6346435546875,0.9
Kimono_1920x1080_24.yuv,239,0,886.7329711914062,642.3304443359375,1062.707763671875,1075.842041015625,0.9436529278755188,0,person,175.97479248046875,433.5115966796875,0.7
Kimono_1920x1080_24.yuv,239,0,886.815673828125,641.7139892578125,1062.85986328125,1075.9200439453125,0.944624125957489,0,person,176.044189453125,434.2060546875,0.5
Kimono_1920x1080_24.yuv,239,0,885.9520263671875,641.2113037109375,1062.8052978515625,1076.4639892578125,0.9389393925666809,0,person,176.853271484375,435.252685546875,0.3
